,class_name,IoU,Dice,box-p,box-r,box-f1,box-map,box-map50,box-map75,mask-p,mask-r,mask-f1,mask-map,mask-map50,mask-map75
0,Caries,0.6117076678155275,0.7139017121448912,0.56725,0.57059,0.56891,0.40681,0.58891,0.4184,0.56955,0.5,0.53251,0.36531,0.57442,0.38785
1,Cavity,0.7267644946602516,0.8380040721019255,0.45455,0.35714,0.4,0.40681,0.58891,0.4184,0.51473,0.35714,0.4217,0.36531,0.57442,0.38785
2,Crack,0.8506716996040344,0.9093590605921817,0.84579,0.96992,0.90361,0.40681,0.58891,0.4184,0.85455,0.96137,0.90482,0.36531,0.57442,0.38785
3,caries-cavity-crack-tooth,0.4247654812822757,0.5309965061713214,0.54043,0.29263,0.37967,0.40681,0.58891,0.4184,0.55922,0.23272,0.32866,0.36531,0.57442,0.38785
